productName,rating,reviewText
"Redmi Note 9 (Pebble Grey, 4GB RAM 64GB Storage) - 48MP Quad Camera & Full HD+ Display - 3 Months No Cost EMI on BFL",1,dont buy 10 to15 mins gaming phone lagging much
"Redmi Note 9 (Pebble Grey, 4GB RAM 64GB Storage) - 48MP Quad Camera & Full HD+ Display - 3 Months No Cost EMI on BFL",1,worst mobile ordered mobile august 03 received 22nd looking mobile display good switched working even though tried charge charging completely dead power mobilei received defect piece try return mobile nobody coming pickup amazon refund optionbuying mobile amazon worst decisionso multiple follow ups someone amazon picked phone return updated yet app communication updated amazon called amazon customer service care like woke sleepmooning asked wait hold never came back talk felt strange call disconnectedits strange behavior amazon regular nd authorized customer amazon since years
"Redmi Note 9 (Pebble Grey, 4GB RAM 64GB Storage) - 48MP Quad Camera & Full HD+ Display - 3 Months No Cost EMI on BFL",1,dont buy 10 to15 mins gaming phone lagging much
"Redmi Note 9 (Pebble Grey, 4GB RAM 64GB Storage) - 48MP Quad Camera & Full HD+ Display - 3 Months No Cost EMI on BFL",1,worst mobile ordered mobile august 03 received 22nd looking mobile display good switched working even though tried charge charging completely dead power mobilei received defect piece try return mobile nobody coming pickup amazon refund optionbuying mobile amazon worst decisionso multiple follow ups someone amazon picked phone return updated yet app communication updated amazon called amazon customer service care like woke sleepmooning asked wait hold never came back talk felt strange call disconnectedits strange behavior amazon regular nd authorized customer amazon since years
"Redmi Note 9 (Pebble Grey, 4GB RAM 64GB Storage) - 48MP Quad Camera & Full HD+ Display - 3 Months No Cost EMI on BFL",1, plz help dnt recive charger phone
"Redmi Note 9 (Pebble Grey, 4GB RAM 64GB Storage) - 48MP Quad Camera & Full HD+ Display - 3 Months No Cost EMI on BFL",1, product good alli request buy producti problem device get resolution
"Redmi Note 9 (Pebble Grey, 4GB RAM 64GB Storage) - 48MP Quad Camera & Full HD+ Display - 3 Months No Cost EMI on BFL",1,really disappointedmade china productno made india redmi reason selected redmi disappointedgiving 1star becauseno 0star option there1 giving 1star made china 2 reviewing quality
"Redmi Note 9 (Pebble Grey, 4GB RAM 64GB Storage) - 48MP Quad Camera & Full HD+ Display - 3 Months No Cost EMI on BFL",1,price high compared specsshould gone m21
"Redmi Note 9 (Pebble Grey, 4GB RAM 64GB Storage) - 48MP Quad Camera & Full HD+ Display - 3 Months No Cost EMI on BFL",1, brought phone flash working properly intensification flash working like touch complained customer care sent ac repairman said ac repairman said one reset phone said works well change previous result one reset
"Redmi Note 9 (Pebble Grey, 4GB RAM 64GB Storage) - 48MP Quad Camera & Full HD+ Display - 3 Months No Cost EMI on BFL",1,inform placed redmi note 9 mobile 24th july 2020 open handset 12th august mobile charged start problem pls suggest doamazon return date also overpls help
"Redmi Note 9 (Pebble Grey, 4GB RAM 64GB Storage) - 48MP Quad Camera & Full HD+ Display - 3 Months No Cost EMI on BFL",1, misguiding informationin banner says made india reality made china blatant attack trust cant toleratedbeware misguiding information
"Redmi Note 9 (Pebble Grey, 4GB RAM 64GB Storage) - 48MP Quad Camera & Full HD+ Display - 3 Months No Cost EMI on BFL",1, selfie camera expectedpicture quality bad appearing small dots entire face selfie clicksrear camera rear camera picture quality nice detailing good
"Redmi Note 9 (Pebble Grey, 4GB RAM 64GB Storage) - 48MP Quad Camera & Full HD+ Display - 3 Months No Cost EMI on BFL",1, made china written phone sticker also box ad show made india made china
"Redmi Note 9 (Pebble Grey, 4GB RAM 64GB Storage) - 48MP Quad Camera & Full HD+ Display - 3 Months No Cost EMI on BFL",1, worst phone evee
"Redmi Note 9 (Pebble Grey, 4GB RAM 64GB Storage) - 48MP Quad Camera & Full HD+ Display - 3 Months No Cost EMI on BFL",1,pros 5000 batteryavarage processor mediatek processor hit lotconscamera fake works like normal 16 mp camera advertisementcharger though company says 225 w takes lot time charge advertise know adds disturb every time
"Redmi Note 9 (Pebble Grey, 4GB RAM 64GB Storage) - 48MP Quad Camera & Full HD+ Display - 3 Months No Cost EMI on BFL",1, made china advertising made india
"Redmi Note 9 (Pebble Grey, 4GB RAM 64GB Storage) - 48MP Quad Camera & Full HD+ Display - 3 Months No Cost EMI on BFL",1, charging time mobile heating please contact return product
"Redmi Note 9 (Pebble Grey, 4GB RAM 64GB Storage) - 48MP Quad Camera & Full HD+ Display - 3 Months No Cost EMI on BFL",1,writing week usage1 front camera sucks blur photos2 slow device tried opening saved video gallery takes time it3 profille instagram facebook visible clearly4 watching videos youtube feel slowness clarity issueraised issue amazon returing devicethanks amazon helping genuine customer
"Redmi Note 9 (Pebble Grey, 4GB RAM 64GB Storage) - 48MP Quad Camera & Full HD+ Display - 3 Months No Cost EMI on BFL",1, waste producti hate amazon selling non worthy product memobile heating battery draining fastno network unato hear calls properlyin place kept mobiles cross checked
"Redmi Note 9 (Pebble Grey, 4GB RAM 64GB Storage) - 48MP Quad Camera & Full HD+ Display - 3 Months No Cost EMI on BFL",1,made china product delivered instead made indiathis really expected advertising made india sending china productthis one kind fraudulent happened 2 times
"Redmi Note 9 (Pebble Grey, 4GB RAM 64GB Storage) - 48MP Quad Camera & Full HD+ Display - 3 Months No Cost EMI on BFL",1,totally disappointed slow motion video recording look recorded show motion video trying return redmi note 9 amazon giving option return fedof calling following please dont buy product amazon
"Redmi Note 9 (Pebble Grey, 4GB RAM 64GB Storage) - 48MP Quad Camera & Full HD+ Display - 3 Months No Cost EMI on BFL",1, bought sale happy got offer price worked good day received next day experienced wifi connectivity issue wifi connects disconnects done couple phone resets issue didnt resolve raised issue amazon customer service appointed mobile inspection service next day person came inspected couldnt resolve updated issue day received call amazon customer service told replace new phone received replace time also experienced issue waiting person come inspection check issue asked refund refunded last thank amazon issue flipkart would refund tell us got service center amazon best
"Redmi Note 9 (Pebble Grey, 4GB RAM 64GB Storage) - 48MP Quad Camera & Full HD+ Display - 3 Months No Cost EMI on BFL",1,received mobile 13082020 mobile small black dottedits worst item received
"Redmi Note 9 (Pebble Grey, 4GB RAM 64GB Storage) - 48MP Quad Camera & Full HD+ Display - 3 Months No Cost EMI on BFL",1,im aware colour mode set auto contrast get really high sunlight make display easier see im personally fan feature turned previous phonenow ive got redmi note 9 miui 11 even setting colours default contrast still changes sunlight whats worse tends spas car instance seems sensorsoftware confused whether contrast increased end display starts almost flash continuously lowering upping contrastive tried restarting phone turning auto colour feature problem still persists sure bug bug way turn feature completely
"Redmi Note 9 (Pebble Grey, 4GB RAM 64GB Storage) - 48MP Quad Camera & Full HD+ Display - 3 Months No Cost EMI on BFL",1, product made china even though amazon claims made india phone also contains lot banned apps like cleaner uninstallwe expect amazon cheat customers wrong promotions made india
"Redmi Note 9 (Pebble Grey, 4GB RAM 64GB Storage) - 48MP Quad Camera & Full HD+ Display - 3 Months No Cost EMI on BFL",1, phone meet expectationsthis chaina made phoneon calling vibration comingthe phone getting hot one hour usephoto quality ordinary
"Redmi Note 9 (Pebble Grey, 4GB RAM 64GB Storage) - 48MP Quad Camera & Full HD+ Display - 3 Months No Cost EMI on BFL",1,dont buy waste product battery taking 4 hrs charge full display quality full hdbattery backup good totally disappointed note 9wastage moneycamera qality average good buying think think think otherwise u fail
"Redmi Note 9 (Pebble Grey, 4GB RAM 64GB Storage) - 48MP Quad Camera & Full HD+ Display - 3 Months No Cost EMI on BFL",1,wrost product amazoni purchased product im facing many problems1 heating2 slow charging3 battery drained fasttechnician also come say yes sir ur product defective give report product problemim really disappointed product amazonvery bad service provide amazon
"Redmi Note 9 (Pebble Grey, 4GB RAM 64GB Storage) - 48MP Quad Camera & Full HD+ Display - 3 Months No Cost EMI on BFL",1,mi retained strategy fash sale marketing sell phone worthy performance chipset good price better move series better displayproscamera quality goodfast charge goodconsdisplay good compared phones segmentheating playing gamesbattery back ok stands 15 days normal usage
"Redmi Note 9 (Pebble Grey, 4GB RAM 64GB Storage) - 48MP Quad Camera & Full HD+ Display - 3 Months No Cost EMI on BFL",1,dont buy 10 to15 mins gaming phone lagging much
"Redmi Note 9 (Pebble Grey, 4GB RAM 64GB Storage) - 48MP Quad Camera & Full HD+ Display - 3 Months No Cost EMI on BFL",1,worst mobile ordered mobile august 03 received 22nd looking mobile display good switched working even though tried charge charging completely dead power mobilei received defect piece try return mobile nobody coming pickup amazon refund optionbuying mobile amazon worst decisionso multiple follow ups someone amazon picked phone return updated yet app communication updated amazon called amazon customer service care like woke sleepmooning asked wait hold never came back talk felt strange call disconnectedits strange behavior amazon regular nd authorized customer amazon since years
"Redmi Note 9 (Pebble Grey, 4GB RAM 64GB Storage) - 48MP Quad Camera & Full HD+ Display - 3 Months No Cost EMI on BFL",1,dont buy 10 to15 mins gaming phone lagging much
"Redmi Note 9 (Pebble Grey, 4GB RAM 64GB Storage) - 48MP Quad Camera & Full HD+ Display - 3 Months No Cost EMI on BFL",1,worst mobile ordered mobile august 03 received 22nd looking mobile display good switched working even though tried charge charging completely dead power mobilei received defect piece try return mobile nobody coming pickup amazon refund optionbuying mobile amazon worst decisionso multiple follow ups someone amazon picked phone return updated yet app communication updated amazon called amazon customer service care like woke sleepmooning asked wait hold never came back talk felt strange call disconnectedits strange behavior amazon regular nd authorized customer amazon since years
"Redmi Note 9 (Pebble Grey, 4GB RAM 64GB Storage) - 48MP Quad Camera & Full HD+ Display - 3 Months No Cost EMI on BFL",1, plz help dnt recive charger phone
"Redmi Note 9 (Pebble Grey, 4GB RAM 64GB Storage) - 48MP Quad Camera & Full HD+ Display - 3 Months No Cost EMI on BFL",1, product good alli request buy producti problem device get resolution
"Redmi Note 9 (Pebble Grey, 4GB RAM 64GB Storage) - 48MP Quad Camera & Full HD+ Display - 3 Months No Cost EMI on BFL",1,really disappointedmade china productno made india redmi reason selected redmi disappointedgiving 1star becauseno 0star option there1 giving 1star made china 2 reviewing quality
"Redmi Note 9 (Pebble Grey, 4GB RAM 64GB Storage) - 48MP Quad Camera & Full HD+ Display - 3 Months No Cost EMI on BFL",1,price high compared specsshould gone m21
"Redmi Note 9 (Pebble Grey, 4GB RAM 64GB Storage) - 48MP Quad Camera & Full HD+ Display - 3 Months No Cost EMI on BFL",1, brought phone flash working properly intensification flash working like touch complained customer care sent ac repairman said ac repairman said one reset phone said works well change previous result one reset
"Redmi Note 9 (Pebble Grey, 4GB RAM 64GB Storage) - 48MP Quad Camera & Full HD+ Display - 3 Months No Cost EMI on BFL",1,inform placed redmi note 9 mobile 24th july 2020 open handset 12th august mobile charged start problem pls suggest doamazon return date also overpls help
"Redmi Note 9 (Pebble Grey, 4GB RAM 64GB Storage) - 48MP Quad Camera & Full HD+ Display - 3 Months No Cost EMI on BFL",1, misguiding informationin banner says made india reality made china blatant attack trust cant toleratedbeware misguiding information
"Redmi Note 9 (Pebble Grey, 4GB RAM 64GB Storage) - 48MP Quad Camera & Full HD+ Display - 3 Months No Cost EMI on BFL",1, selfie camera expectedpicture quality bad appearing small dots entire face selfie clicksrear camera rear camera picture quality nice detailing good
"Redmi Note 9 (Pebble Grey, 4GB RAM 64GB Storage) - 48MP Quad Camera & Full HD+ Display - 3 Months No Cost EMI on BFL",1, made china written phone sticker also box ad show made india made china
"Redmi Note 9 (Pebble Grey, 4GB RAM 64GB Storage) - 48MP Quad Camera & Full HD+ Display - 3 Months No Cost EMI on BFL",1, worst phone evee
"Redmi Note 9 (Pebble Grey, 4GB RAM 64GB Storage) - 48MP Quad Camera & Full HD+ Display - 3 Months No Cost EMI on BFL",1,pros 5000 batteryavarage processor mediatek processor hit lotconscamera fake works like normal 16 mp camera advertisementcharger though company says 225 w takes lot time charge advertise know adds disturb every time
"Redmi Note 9 (Pebble Grey, 4GB RAM 64GB Storage) - 48MP Quad Camera & Full HD+ Display - 3 Months No Cost EMI on BFL",1, made china advertising made india
"Redmi Note 9 (Pebble Grey, 4GB RAM 64GB Storage) - 48MP Quad Camera & Full HD+ Display - 3 Months No Cost EMI on BFL",1, charging time mobile heating please contact return product
"Redmi Note 9 (Pebble Grey, 4GB RAM 64GB Storage) - 48MP Quad Camera & Full HD+ Display - 3 Months No Cost EMI on BFL",1,writing week usage1 front camera sucks blur photos2 slow device tried opening saved video gallery takes time it3 profille instagram facebook visible clearly4 watching videos youtube feel slowness clarity issueraised issue amazon returing devicethanks amazon helping genuine customer
"Redmi Note 9 (Pebble Grey, 4GB RAM 64GB Storage) - 48MP Quad Camera & Full HD+ Display - 3 Months No Cost EMI on BFL",1, waste producti hate amazon selling non worthy product memobile heating battery draining fastno network unato hear calls properlyin place kept mobiles cross checked
"Redmi Note 9 (Pebble Grey, 4GB RAM 64GB Storage) - 48MP Quad Camera & Full HD+ Display - 3 Months No Cost EMI on BFL",1,made china product delivered instead made indiathis really expected advertising made india sending china productthis one kind fraudulent happened 2 times
"Redmi Note 9 (Pebble Grey, 4GB RAM 64GB Storage) - 48MP Quad Camera & Full HD+ Display - 3 Months No Cost EMI on BFL",1,totally disappointed slow motion video recording look recorded show motion video trying return redmi note 9 amazon giving option return fedof calling following please dont buy product amazon
"Redmi Note 9 (Pebble Grey, 4GB RAM 64GB Storage) - 48MP Quad Camera & Full HD+ Display - 3 Months No Cost EMI on BFL",1, bought sale happy got offer price worked good day received next day experienced wifi connectivity issue wifi connects disconnects done couple phone resets issue didnt resolve raised issue amazon customer service appointed mobile inspection service next day person came inspected couldnt resolve updated issue day received call amazon customer service told replace new phone received replace time also experienced issue waiting person come inspection check issue asked refund refunded last thank amazon issue flipkart would refund tell us got service center amazon best
"Redmi Note 9 (Pebble Grey, 4GB RAM 64GB Storage) - 48MP Quad Camera & Full HD+ Display - 3 Months No Cost EMI on BFL",1,received mobile 13082020 mobile small black dottedits worst item received
"Redmi Note 9 (Pebble Grey, 4GB RAM 64GB Storage) - 48MP Quad Camera & Full HD+ Display - 3 Months No Cost EMI on BFL",1,im aware colour mode set auto contrast get really high sunlight make display easier see im personally fan feature turned previous phonenow ive got redmi note 9 miui 11 even setting colours default contrast still changes sunlight whats worse tends spas car instance seems sensorsoftware confused whether contrast increased end display starts almost flash continuously lowering upping contrastive tried restarting phone turning auto colour feature problem still persists sure bug bug way turn feature completely
"Redmi Note 9 (Pebble Grey, 4GB RAM 64GB Storage) - 48MP Quad Camera & Full HD+ Display - 3 Months No Cost EMI on BFL",1, product made china even though amazon claims made india phone also contains lot banned apps like cleaner uninstallwe expect amazon cheat customers wrong promotions made india
"Redmi Note 9 (Pebble Grey, 4GB RAM 64GB Storage) - 48MP Quad Camera & Full HD+ Display - 3 Months No Cost EMI on BFL",1, phone meet expectationsthis chaina made phoneon calling vibration comingthe phone getting hot one hour usephoto quality ordinary
"Redmi Note 9 (Pebble Grey, 4GB RAM 64GB Storage) - 48MP Quad Camera & Full HD+ Display - 3 Months No Cost EMI on BFL",1,dont buy waste product battery taking 4 hrs charge full display quality full hdbattery backup good totally disappointed note 9wastage moneycamera qality average good buying think think think otherwise u fail
"Redmi Note 9 (Pebble Grey, 4GB RAM 64GB Storage) - 48MP Quad Camera & Full HD+ Display - 3 Months No Cost EMI on BFL",1,wrost product amazoni purchased product im facing many problems1 heating2 slow charging3 battery drained fasttechnician also come say yes sir ur product defective give report product problemim really disappointed product amazonvery bad service provide amazon
"Redmi Note 9 (Pebble Grey, 4GB RAM 64GB Storage) - 48MP Quad Camera & Full HD+ Display - 3 Months No Cost EMI on BFL",1,mi retained strategy fash sale marketing sell phone worthy performance chipset good price better move series better displayproscamera quality goodfast charge goodconsdisplay good compared phones segmentheating playing gamesbattery back ok stands 15 days normal usage
"Redmi Note 9 (Pebble Grey, 4GB RAM 64GB Storage) - 48MP Quad Camera & Full HD+ Display - 3 Months No Cost EMI on BFL",2, good phone stopped working time didnt suggest
"Redmi Note 9 (Pebble Grey, 4GB RAM 64GB Storage) - 48MP Quad Camera & Full HD+ Display - 3 Months No Cost EMI on BFL",2,worst product expected even month ut hangs much front camera worst first look good nothing else dont go redmi note 8 even note 5 much better completely disappointed
"Redmi Note 9 (Pebble Grey, 4GB RAM 64GB Storage) - 48MP Quad Camera & Full HD+ Display - 3 Months No Cost EMI on BFL",2, good phone stopped working time didnt suggest
"Redmi Note 9 (Pebble Grey, 4GB RAM 64GB Storage) - 48MP Quad Camera & Full HD+ Display - 3 Months No Cost EMI on BFL",2,worst product expected even month ut hangs much front camera worst first look good nothing else dont go redmi note 8 even note 5 much better completely disappointed
"Redmi Note 9 (Pebble Grey, 4GB RAM 64GB Storage) - 48MP Quad Camera & Full HD+ Display - 3 Months No Cost EMI on BFL",2,looks premium mi claims quite lot features better ir blaster remote accessibility camera best price range aspects piece shitkindly dont buy becoz worth 89k move samsung phone fedup performance phone first day 2stars camera quality ir blaster phone lags much gaming performance poor way handling phone requires lot patience loads longer time app details battery last better camera quality good thats worthy 135kpls dont buy expect performance phone think better features phone
"Redmi Note 9 (Pebble Grey, 4GB RAM 64GB Storage) - 48MP Quad Camera & Full HD+ Display - 3 Months No Cost EMI on BFL",2,phone performance overroll good charging speed slow take time charge phone 35 100 percent charge 3 hours satisfied student going college morning phone take time charge 1 hours take 30 percentage charge
"Redmi Note 9 (Pebble Grey, 4GB RAM 64GB Storage) - 48MP Quad Camera & Full HD+ Display - 3 Months No Cost EMI on BFL",2, think mi best market per processor memory brand mark china put moral downthis good handset trademark made india big reason buy thisprosquad camera low rangehigh internal memory ramvery sleek design thin compared old mobiles mi familyprocessor also good hanging issues playing gamesconssignal strength struggles every type sim card defeat purpose mobile phonebuilt quality bad absolutely break felt downplastic frames seems made cheap quality doesnt made grip without cover
"Redmi Note 9 (Pebble Grey, 4GB RAM 64GB Storage) - 48MP Quad Camera & Full HD+ Display - 3 Months No Cost EMI on BFL",2,dont purchase guys happy front facing camera states 12 mp works like 5 mp camera expected xiaomi camera quality rest phone good big battery phone fells light weight also fells good holdlets see update given regarding front camera issues
"Redmi Note 9 (Pebble Grey, 4GB RAM 64GB Storage) - 48MP Quad Camera & Full HD+ Display - 3 Months No Cost EMI on BFL",2,would like review redmi note note 9first prosprimary camera goodram management betterdisplay good128 gb internal memory goodapps working butter smoothtype c portconssecondary camera worst need update via software updatecharging takes three hours bad charging time saying fast chargerloudspeaker sound little compared samsungedit charging took 5 hours acceptable called amazon help mobile fine issues
"Redmi Note 9 (Pebble Grey, 4GB RAM 64GB Storage) - 48MP Quad Camera & Full HD+ Display - 3 Months No Cost EMI on BFL",2,took phone says made india actual phone made chinathe built quality screen resolution good poor quality marketing tricks release schedule time given configurationi motorola phone using two years 42mp camera resolution far better thus redmii suggest dont purchase redmi
"Redmi Note 9 (Pebble Grey, 4GB RAM 64GB Storage) - 48MP Quad Camera & Full HD+ Display - 3 Months No Cost EMI on BFL",2,phone annoyingly slow says 4gb processor easily beaten older 2gb processor phones 48mega pixel camera name sake samsung moto oneplus 20odd megapixel camera better phone highly disappointed redmi phone battery charging speed seems decade behind 3 hours required full charge c30 charge per hour
"Redmi Note 9 (Pebble Grey, 4GB RAM 64GB Storage) - 48MP Quad Camera & Full HD+ Display - 3 Months No Cost EMI on BFL",2, good phone stopped working time didnt suggest
"Redmi Note 9 (Pebble Grey, 4GB RAM 64GB Storage) - 48MP Quad Camera & Full HD+ Display - 3 Months No Cost EMI on BFL",2,worst product expected even month ut hangs much front camera worst first look good nothing else dont go redmi note 8 even note 5 much better completely disappointed
"Redmi Note 9 (Pebble Grey, 4GB RAM 64GB Storage) - 48MP Quad Camera & Full HD+ Display - 3 Months No Cost EMI on BFL",2, good phone stopped working time didnt suggest
"Redmi Note 9 (Pebble Grey, 4GB RAM 64GB Storage) - 48MP Quad Camera & Full HD+ Display - 3 Months No Cost EMI on BFL",2,worst product expected even month ut hangs much front camera worst first look good nothing else dont go redmi note 8 even note 5 much better completely disappointed
"Redmi Note 9 (Pebble Grey, 4GB RAM 64GB Storage) - 48MP Quad Camera & Full HD+ Display - 3 Months No Cost EMI on BFL",2,looks premium mi claims quite lot features better ir blaster remote accessibility camera best price range aspects piece shitkindly dont buy becoz worth 89k move samsung phone fedup performance phone first day 2stars camera quality ir blaster phone lags much gaming performance poor way handling phone requires lot patience loads longer time app details battery last better camera quality good thats worthy 135kpls dont buy expect performance phone think better features phone
"Redmi Note 9 (Pebble Grey, 4GB RAM 64GB Storage) - 48MP Quad Camera & Full HD+ Display - 3 Months No Cost EMI on BFL",2,phone performance overroll good charging speed slow take time charge phone 35 100 percent charge 3 hours satisfied student going college morning phone take time charge 1 hours take 30 percentage charge
"Redmi Note 9 (Pebble Grey, 4GB RAM 64GB Storage) - 48MP Quad Camera & Full HD+ Display - 3 Months No Cost EMI on BFL",2, think mi best market per processor memory brand mark china put moral downthis good handset trademark made india big reason buy thisprosquad camera low rangehigh internal memory ramvery sleek design thin compared old mobiles mi familyprocessor also good hanging issues playing gamesconssignal strength struggles every type sim card defeat purpose mobile phonebuilt quality bad absolutely break felt downplastic frames seems made cheap quality doesnt made grip without cover
"Redmi Note 9 (Pebble Grey, 4GB RAM 64GB Storage) - 48MP Quad Camera & Full HD+ Display - 3 Months No Cost EMI on BFL",2,dont purchase guys happy front facing camera states 12 mp works like 5 mp camera expected xiaomi camera quality rest phone good big battery phone fells light weight also fells good holdlets see update given regarding front camera issues
"Redmi Note 9 (Pebble Grey, 4GB RAM 64GB Storage) - 48MP Quad Camera & Full HD+ Display - 3 Months No Cost EMI on BFL",2,would like review redmi note note 9first prosprimary camera goodram management betterdisplay good128 gb internal memory goodapps working butter smoothtype c portconssecondary camera worst need update via software updatecharging takes three hours bad charging time saying fast chargerloudspeaker sound little compared samsungedit charging took 5 hours acceptable called amazon help mobile fine issues
"Redmi Note 9 (Pebble Grey, 4GB RAM 64GB Storage) - 48MP Quad Camera & Full HD+ Display - 3 Months No Cost EMI on BFL",2,took phone says made india actual phone made chinathe built quality screen resolution good poor quality marketing tricks release schedule time given configurationi motorola phone using two years 42mp camera resolution far better thus redmii suggest dont purchase redmi
"Redmi Note 9 (Pebble Grey, 4GB RAM 64GB Storage) - 48MP Quad Camera & Full HD+ Display - 3 Months No Cost EMI on BFL",2,phone annoyingly slow says 4gb processor easily beaten older 2gb processor phones 48mega pixel camera name sake samsung moto oneplus 20odd megapixel camera better phone highly disappointed redmi phone battery charging speed seems decade behind 3 hours required full charge c30 charge per hour
"Redmi Note 9 (Pebble Grey, 4GB RAM 64GB Storage) - 48MP Quad Camera & Full HD+ Display - 3 Months No Cost EMI on BFL",3,product review usage 2 weekprosdesign built quality superbdisplay smoothness view impressivefinger print sensor face unlock working perfectrear camera good considering priceram management multitasking ok without new applications consuming 18 gbcall quality fineconsgaming mobile heating lagging playing high graphics gamebattery 5020mah battery moderate performfor charging take 24 hrs per day 0 100 think mi mentioned advertisementmacro camera useless featurefront camera averageui fine consuming rammany preinstalled application could able delete mi appfinalnormal user go ok charge twice dayif game addict product suitable younote requesting replacement 1st mobile due heating issuereceived 2nd one battery draining issue really disappointed charge twice day 5hrs per day suggest please buy brand dont waste money like
"Redmi Note 9 (Pebble Grey, 4GB RAM 64GB Storage) - 48MP Quad Camera & Full HD+ Display - 3 Months No Cost EMI on BFL",3, mobile phone screen issue completely black wall paper black background theres permanent white dot like screen defective screen requested replacement soon device replaced although device preety average ram management goodgo snapdragon rather mediatekpubg lags sometimes medium settings theres ton preloaded apps apps cannot uninstallthere several options market xiaomi sochoose device wisely
"Redmi Note 9 (Pebble Grey, 4GB RAM 64GB Storage) - 48MP Quad Camera & Full HD+ Display - 3 Months No Cost EMI on BFL",3,product review usage 2 weekprosdesign built quality superbdisplay smoothness view impressivefinger print sensor face unlock working perfectrear camera good considering priceram management multitasking ok without new applications consuming 18 gbcall quality fineconsgaming mobile heating lagging playing high graphics gamebattery 5020mah battery moderate performfor charging take 24 hrs per day 0 100 think mi mentioned advertisementmacro camera useless featurefront camera averageui fine consuming rammany preinstalled application could able delete mi appfinalnormal user go ok charge twice dayif game addict product suitable younote requesting replacement 1st mobile due heating issuereceived 2nd one battery draining issue really disappointed charge twice day 5hrs per day suggest please buy brand dont waste money like
"Redmi Note 9 (Pebble Grey, 4GB RAM 64GB Storage) - 48MP Quad Camera & Full HD+ Display - 3 Months No Cost EMI on BFL",3, mobile phone screen issue completely black wall paper black background theres permanent white dot like screen defective screen requested replacement soon device replaced although device preety average ram management goodgo snapdragon rather mediatekpubg lags sometimes medium settings theres ton preloaded apps apps cannot uninstallthere several options market xiaomi sochoose device wisely
"Redmi Note 9 (Pebble Grey, 4GB RAM 64GB Storage) - 48MP Quad Camera & Full HD+ Display - 3 Months No Cost EMI on BFL",3,product super value money back panel plastic quality goodcamera perform great daylight condition ok low lighti also note 9 pro think super value money 14000 budget permit go paying extra 2000 rupees redmi note 9 pro got great build quality back side glass ufs 21 rom storage great camera
"Redmi Note 9 (Pebble Grey, 4GB RAM 64GB Storage) - 48MP Quad Camera & Full HD+ Display - 3 Months No Cost EMI on BFL",3, today noticed clicking sound around fingerprint sensor new phone anyone else face problem 
"Redmi Note 9 (Pebble Grey, 4GB RAM 64GB Storage) - 48MP Quad Camera & Full HD+ Display - 3 Months No Cost EMI on BFL",3, camera quality poor features also low overall low product high price
"Redmi Note 9 (Pebble Grey, 4GB RAM 64GB Storage) - 48MP Quad Camera & Full HD+ Display - 3 Months No Cost EMI on BFL",3,phone good front rear camera good photo clicked 48 mp camera look like 5 mp camera photo
"Redmi Note 9 (Pebble Grey, 4GB RAM 64GB Storage) - 48MP Quad Camera & Full HD+ Display - 3 Months No Cost EMI on BFL",3,go directly pros consprosbatteryrear camerahelio processor goodconsbulky thickfront cameradisplayoverall nice phone range bought 12k price range ok ok phone wont expect much terms performance wise u consider buying looking budget phoneand mi lover like
"Redmi Note 9 (Pebble Grey, 4GB RAM 64GB Storage) - 48MP Quad Camera & Full HD+ Display - 3 Months No Cost EMI on BFL",3, camera goodphoto yello typenot captured original color
"Redmi Note 9 (Pebble Grey, 4GB RAM 64GB Storage) - 48MP Quad Camera & Full HD+ Display - 3 Months No Cost EMI on BFL",3,dont recoment 48 mp camera waste ur money phone struking charging take much time
"Redmi Note 9 (Pebble Grey, 4GB RAM 64GB Storage) - 48MP Quad Camera & Full HD+ Display - 3 Months No Cost EMI on BFL",3,product review usage 2 weekprosdesign built quality superbdisplay smoothness view impressivefinger print sensor face unlock working perfectrear camera good considering priceram management multitasking ok without new applications consuming 18 gbcall quality fineconsgaming mobile heating lagging playing high graphics gamebattery 5020mah battery moderate performfor charging take 24 hrs per day 0 100 think mi mentioned advertisementmacro camera useless featurefront camera averageui fine consuming rammany preinstalled application could able delete mi appfinalnormal user go ok charge twice dayif game addict product suitable younote requesting replacement 1st mobile due heating issuereceived 2nd one battery draining issue really disappointed charge twice day 5hrs per day suggest please buy brand dont waste money like
"Redmi Note 9 (Pebble Grey, 4GB RAM 64GB Storage) - 48MP Quad Camera & Full HD+ Display - 3 Months No Cost EMI on BFL",3, mobile phone screen issue completely black wall paper black background theres permanent white dot like screen defective screen requested replacement soon device replaced although device preety average ram management goodgo snapdragon rather mediatekpubg lags sometimes medium settings theres ton preloaded apps apps cannot uninstallthere several options market xiaomi sochoose device wisely
"Redmi Note 9 (Pebble Grey, 4GB RAM 64GB Storage) - 48MP Quad Camera & Full HD+ Display - 3 Months No Cost EMI on BFL",3,product review usage 2 weekprosdesign built quality superbdisplay smoothness view impressivefinger print sensor face unlock working perfectrear camera good considering priceram management multitasking ok without new applications consuming 18 gbcall quality fineconsgaming mobile heating lagging playing high graphics gamebattery 5020mah battery moderate performfor charging take 24 hrs per day 0 100 think mi mentioned advertisementmacro camera useless featurefront camera averageui fine consuming rammany preinstalled application could able delete mi appfinalnormal user go ok charge twice dayif game addict product suitable younote requesting replacement 1st mobile due heating issuereceived 2nd one battery draining issue really disappointed charge twice day 5hrs per day suggest please buy brand dont waste money like
"Redmi Note 9 (Pebble Grey, 4GB RAM 64GB Storage) - 48MP Quad Camera & Full HD+ Display - 3 Months No Cost EMI on BFL",3, mobile phone screen issue completely black wall paper black background theres permanent white dot like screen defective screen requested replacement soon device replaced although device preety average ram management goodgo snapdragon rather mediatekpubg lags sometimes medium settings theres ton preloaded apps apps cannot uninstallthere several options market xiaomi sochoose device wisely
"Redmi Note 9 (Pebble Grey, 4GB RAM 64GB Storage) - 48MP Quad Camera & Full HD+ Display - 3 Months No Cost EMI on BFL",3,product super value money back panel plastic quality goodcamera perform great daylight condition ok low lighti also note 9 pro think super value money 14000 budget permit go paying extra 2000 rupees redmi note 9 pro got great build quality back side glass ufs 21 rom storage great camera
"Redmi Note 9 (Pebble Grey, 4GB RAM 64GB Storage) - 48MP Quad Camera & Full HD+ Display - 3 Months No Cost EMI on BFL",3, today noticed clicking sound around fingerprint sensor new phone anyone else face problem 
"Redmi Note 9 (Pebble Grey, 4GB RAM 64GB Storage) - 48MP Quad Camera & Full HD+ Display - 3 Months No Cost EMI on BFL",3, camera quality poor features also low overall low product high price
"Redmi Note 9 (Pebble Grey, 4GB RAM 64GB Storage) - 48MP Quad Camera & Full HD+ Display - 3 Months No Cost EMI on BFL",3,phone good front rear camera good photo clicked 48 mp camera look like 5 mp camera photo
"Redmi Note 9 (Pebble Grey, 4GB RAM 64GB Storage) - 48MP Quad Camera & Full HD+ Display - 3 Months No Cost EMI on BFL",3,go directly pros consprosbatteryrear camerahelio processor goodconsbulky thickfront cameradisplayoverall nice phone range bought 12k price range ok ok phone wont expect much terms performance wise u consider buying looking budget phoneand mi lover like
"Redmi Note 9 (Pebble Grey, 4GB RAM 64GB Storage) - 48MP Quad Camera & Full HD+ Display - 3 Months No Cost EMI on BFL",3, camera goodphoto yello typenot captured original color
"Redmi Note 9 (Pebble Grey, 4GB RAM 64GB Storage) - 48MP Quad Camera & Full HD+ Display - 3 Months No Cost EMI on BFL",3,dont recoment 48 mp camera waste ur money phone struking charging take much time
"Redmi Note 9 (Pebble Grey, 4GB RAM 64GB Storage) - 48MP Quad Camera & Full HD+ Display - 3 Months No Cost EMI on BFL",4,nice phone smooth performance charge service decent screen quality superb sound ok body vibration issue speaker mode time calling body vibration present notification light overall decent performance price phone support 18 watt fast charge charger support 225 watt
"Redmi Note 9 (Pebble Grey, 4GB RAM 64GB Storage) - 48MP Quad Camera & Full HD+ Display - 3 Months No Cost EMI on BFL",4,nice phone smooth performance charge service decent screen quality superb sound ok body vibration issue speaker mode time calling body vibration present notification light overall decent performance price phone support 18 watt fast charge charger support 225 watt
"Redmi Note 9 (Pebble Grey, 4GB RAM 64GB Storage) - 48MP Quad Camera & Full HD+ Display - 3 Months No Cost EMI on BFL",4, ultra wide shots
"Redmi Note 9 (Pebble Grey, 4GB RAM 64GB Storage) - 48MP Quad Camera & Full HD+ Display - 3 Months No Cost EMI on BFL",4,good phonemi mobile ok battery excellentprocessor fastcamera upto markthis 48 megapixel camerareally good camera 48 mp selfie also upto markdisplay quality good colour punchy 1080 psound quality nice note dolby atmos
"Redmi Note 9 (Pebble Grey, 4GB RAM 64GB Storage) - 48MP Quad Camera & Full HD+ Display - 3 Months No Cost EMI on BFL",4, good mobilebut little bit disappointed processor high cost
"Redmi Note 9 (Pebble Grey, 4GB RAM 64GB Storage) - 48MP Quad Camera & Full HD+ Display - 3 Months No Cost EMI on BFL",4, nice phone
"Redmi Note 9 (Pebble Grey, 4GB RAM 64GB Storage) - 48MP Quad Camera & Full HD+ Display - 3 Months No Cost EMI on BFL",4, good price range
"Redmi Note 9 (Pebble Grey, 4GB RAM 64GB Storage) - 48MP Quad Camera & Full HD+ Display - 3 Months No Cost EMI on BFL",4,good quality nice camera225 w given supporting 18w delivery fine worth pricebattery backup good
"Redmi Note 9 (Pebble Grey, 4GB RAM 64GB Storage) - 48MP Quad Camera & Full HD+ Display - 3 Months No Cost EMI on BFL",4, good look design fhd displaygood color combinationbest phone price range thanks amazon delivery since delivery agent good complaint amazon delivers phonethanks amazon hearing customers
"Redmi Note 9 (Pebble Grey, 4GB RAM 64GB Storage) - 48MP Quad Camera & Full HD+ Display - 3 Months No Cost EMI on BFL",4,good phone powered battery performance price problem camera clarityi compared mi a3 48 mp camera disappointedno problems
"Redmi Note 9 (Pebble Grey, 4GB RAM 64GB Storage) - 48MP Quad Camera & Full HD+ Display - 3 Months No Cost EMI on BFL",4,positive parts1 performance best2 multitasking3 screen display4 protection5 sound6 cameraneed improve xiomi negative1 unwanted app banned app still use like clean master etc must remove option fixed update2 price little higher side3 given 90hz refresh4 colors availability5 night photos markoverall good phone unwanted app must remove manufacturer guideline govt india
"Redmi Note 9 (Pebble Grey, 4GB RAM 64GB Storage) - 48MP Quad Camera & Full HD+ Display - 3 Months No Cost EMI on BFL",4, budget phone best segmentcoming amazon service amazon completely money minded doesnt allow us ask questions also concentrating prime customers normal customers throwaway service delivery updates proper adding card payment also userfriendly bank giving emi amazon shows card eligible emi cheap treatment non prime customers one thing normal customers never get notifications flash sale even though reminded many times n subscribed updates coming quiz part spin n win completely useless n time pass games thanks pathetic service
"Redmi Note 9 (Pebble Grey, 4GB RAM 64GB Storage) - 48MP Quad Camera & Full HD+ Display - 3 Months No Cost EMI on BFL",4,average phone good price camera sensor poor quality take large 48 mp picture see dead pixels zoomed photo glitter like stars even cover camera take photo pixels come white coloursother everything seems nice used program uninstall crap xiaomi bloatware phone like mipay cleaner micommunity etcas result dont see adsi play asphalt 9 game runs smoothly playable fpsprocessor helio g85 g80 nothing extrami ui crap last phone mi a1 stock android cant understand xiaomi oppo etc spend money developing crappy skins stock android bestfinal thoughts good phone use 1 year 2 price could 1k lesslooking forward buy pixel 4a next year price comes
"Redmi Note 9 (Pebble Grey, 4GB RAM 64GB Storage) - 48MP Quad Camera & Full HD+ Display - 3 Months No Cost EMI on BFL",4, great phone great feel
"Redmi Note 9 (Pebble Grey, 4GB RAM 64GB Storage) - 48MP Quad Camera & Full HD+ Display - 3 Months No Cost EMI on BFL",4, really undisputed championbut arctic white colour disappoint meother flawless
"Redmi Note 9 (Pebble Grey, 4GB RAM 64GB Storage) - 48MP Quad Camera & Full HD+ Display - 3 Months No Cost EMI on BFL",4, best smartphone budget segments best camera performance display battery backup
"Redmi Note 9 (Pebble Grey, 4GB RAM 64GB Storage) - 48MP Quad Camera & Full HD+ Display - 3 Months No Cost EMI on BFL",4,nice phone smooth performance charge service decent screen quality superb sound ok body vibration issue speaker mode time calling body vibration present notification light overall decent performance price phone support 18 watt fast charge charger support 225 watt
"Redmi Note 9 (Pebble Grey, 4GB RAM 64GB Storage) - 48MP Quad Camera & Full HD+ Display - 3 Months No Cost EMI on BFL",4,nice phone smooth performance charge service decent screen quality superb sound ok body vibration issue speaker mode time calling body vibration present notification light overall decent performance price phone support 18 watt fast charge charger support 225 watt
"Redmi Note 9 (Pebble Grey, 4GB RAM 64GB Storage) - 48MP Quad Camera & Full HD+ Display - 3 Months No Cost EMI on BFL",4, ultra wide shots
"Redmi Note 9 (Pebble Grey, 4GB RAM 64GB Storage) - 48MP Quad Camera & Full HD+ Display - 3 Months No Cost EMI on BFL",4,good phonemi mobile ok battery excellentprocessor fastcamera upto markthis 48 megapixel camerareally good camera 48 mp selfie also upto markdisplay quality good colour punchy 1080 psound quality nice note dolby atmos
"Redmi Note 9 (Pebble Grey, 4GB RAM 64GB Storage) - 48MP Quad Camera & Full HD+ Display - 3 Months No Cost EMI on BFL",4, good mobilebut little bit disappointed processor high cost
"Redmi Note 9 (Pebble Grey, 4GB RAM 64GB Storage) - 48MP Quad Camera & Full HD+ Display - 3 Months No Cost EMI on BFL",4, nice phone
"Redmi Note 9 (Pebble Grey, 4GB RAM 64GB Storage) - 48MP Quad Camera & Full HD+ Display - 3 Months No Cost EMI on BFL",4, good price range
"Redmi Note 9 (Pebble Grey, 4GB RAM 64GB Storage) - 48MP Quad Camera & Full HD+ Display - 3 Months No Cost EMI on BFL",4,good quality nice camera225 w given supporting 18w delivery fine worth pricebattery backup good
"Redmi Note 9 (Pebble Grey, 4GB RAM 64GB Storage) - 48MP Quad Camera & Full HD+ Display - 3 Months No Cost EMI on BFL",4, good look design fhd displaygood color combinationbest phone price range thanks amazon delivery since delivery agent good complaint amazon delivers phonethanks amazon hearing customers
"Redmi Note 9 (Pebble Grey, 4GB RAM 64GB Storage) - 48MP Quad Camera & Full HD+ Display - 3 Months No Cost EMI on BFL",4,good phone powered battery performance price problem camera clarityi compared mi a3 48 mp camera disappointedno problems
"Redmi Note 9 (Pebble Grey, 4GB RAM 64GB Storage) - 48MP Quad Camera & Full HD+ Display - 3 Months No Cost EMI on BFL",4,positive parts1 performance best2 multitasking3 screen display4 protection5 sound6 cameraneed improve xiomi negative1 unwanted app banned app still use like clean master etc must remove option fixed update2 price little higher side3 given 90hz refresh4 colors availability5 night photos markoverall good phone unwanted app must remove manufacturer guideline govt india
"Redmi Note 9 (Pebble Grey, 4GB RAM 64GB Storage) - 48MP Quad Camera & Full HD+ Display - 3 Months No Cost EMI on BFL",4, budget phone best segmentcoming amazon service amazon completely money minded doesnt allow us ask questions also concentrating prime customers normal customers throwaway service delivery updates proper adding card payment also userfriendly bank giving emi amazon shows card eligible emi cheap treatment non prime customers one thing normal customers never get notifications flash sale even though reminded many times n subscribed updates coming quiz part spin n win completely useless n time pass games thanks pathetic service
"Redmi Note 9 (Pebble Grey, 4GB RAM 64GB Storage) - 48MP Quad Camera & Full HD+ Display - 3 Months No Cost EMI on BFL",4,average phone good price camera sensor poor quality take large 48 mp picture see dead pixels zoomed photo glitter like stars even cover camera take photo pixels come white coloursother everything seems nice used program uninstall crap xiaomi bloatware phone like mipay cleaner micommunity etcas result dont see adsi play asphalt 9 game runs smoothly playable fpsprocessor helio g85 g80 nothing extrami ui crap last phone mi a1 stock android cant understand xiaomi oppo etc spend money developing crappy skins stock android bestfinal thoughts good phone use 1 year 2 price could 1k lesslooking forward buy pixel 4a next year price comes
"Redmi Note 9 (Pebble Grey, 4GB RAM 64GB Storage) - 48MP Quad Camera & Full HD+ Display - 3 Months No Cost EMI on BFL",4, great phone great feel
"Redmi Note 9 (Pebble Grey, 4GB RAM 64GB Storage) - 48MP Quad Camera & Full HD+ Display - 3 Months No Cost EMI on BFL",4, really undisputed championbut arctic white colour disappoint meother flawless
"Redmi Note 9 (Pebble Grey, 4GB RAM 64GB Storage) - 48MP Quad Camera & Full HD+ Display - 3 Months No Cost EMI on BFL",4, best smartphone budget segments best camera performance display battery backup
"Redmi Note 9 (Pebble Grey, 4GB RAM 64GB Storage) - 48MP Quad Camera & Full HD+ Display - 3 Months No Cost EMI on BFL",5, good phonedecent look looks stylishcamera battery quality super goodgood phone range delivery service good
"Redmi Note 9 (Pebble Grey, 4GB RAM 64GB Storage) - 48MP Quad Camera & Full HD+ Display - 3 Months No Cost EMI on BFL",5,awesome product value money best segmentfor normal usage one best long battery life compared smartphonescamera ok pricecharging comparitively slow takes 2 2 half hrs get full charged overall best price
"Redmi Note 9 (Pebble Grey, 4GB RAM 64GB Storage) - 48MP Quad Camera & Full HD+ Display - 3 Months No Cost EMI on BFL",5,totally impressed built looks 13k thought getting realme 6i stocks barely lastso decided get phone phone great smooth gaming experience also good good g90tg85 decent processor great daily life performanceif 12k budget go itor 13krealme 6i 14k go poco m2 scarlet red looks stunning
"Redmi Note 9 (Pebble Grey, 4GB RAM 64GB Storage) - 48MP Quad Camera & Full HD+ Display - 3 Months No Cost EMI on BFL",5, good phonedecent look looks stylishcamera battery quality super goodgood phone range delivery service good
"Redmi Note 9 (Pebble Grey, 4GB RAM 64GB Storage) - 48MP Quad Camera & Full HD+ Display - 3 Months No Cost EMI on BFL",5,awesome product value money best segmentfor normal usage one best long battery life compared smartphonescamera ok pricecharging comparitively slow takes 2 2 half hrs get full charged overall best price
"Redmi Note 9 (Pebble Grey, 4GB RAM 64GB Storage) - 48MP Quad Camera & Full HD+ Display - 3 Months No Cost EMI on BFL",5,totally impressed built looks 13k thought getting realme 6i stocks barely lastso decided get phone phone great smooth gaming experience also good good g90tg85 decent processor great daily life performanceif 12k budget go itor 13krealme 6i 14k go poco m2 scarlet red looks stunning
"Redmi Note 9 (Pebble Grey, 4GB RAM 64GB Storage) - 48MP Quad Camera & Full HD+ Display - 3 Months No Cost EMI on BFL",5,hi writing review post usage 7 days1 dsiplay perfect better samsung m21 similar price range display full hd whereas counter parts offering that2 camera scores counter parts whereas much variations available selfie fantastic price3 specifications less similar mi note 8 except processor helios g85 one whereas qualcomm note 8 ie 6254 note 8 4k video capture option latest note 95 battery stays long promised gamer battery lasts day half6 p2i protection towards splash note 87 conclude shall recommend phone brands available good pricethanks reading god bless enjoy
"Redmi Note 9 (Pebble Grey, 4GB RAM 64GB Storage) - 48MP Quad Camera & Full HD+ Display - 3 Months No Cost EMI on BFL",5,nice color working fine hang lag front camera awesome sound loud clearnetwork connectivity also strong go budget 12000 add 2000 go redmi note 9 procharger working 20 min charging order replacement thanks amazon replacement
"Redmi Note 9 (Pebble Grey, 4GB RAM 64GB Storage) - 48MP Quad Camera & Full HD+ Display - 3 Months No Cost EMI on BFL",5, good performance nice display
"Redmi Note 9 (Pebble Grey, 4GB RAM 64GB Storage) - 48MP Quad Camera & Full HD+ Display - 3 Months No Cost EMI on BFL",5,liked producti giving review 33daysrear camera910 amazingfront camera 7510 decentoverview 1010 damm goodperformance 910 play freefire amazing lag free experiencebattery 1010 amazing usage 1011 hrs still 2027percent battery leftscreen quality 8510 goodram management 710 ok keep last six app background aap restartsinhand feel 1010 good little bit widecharging 810 takes 2hrs ok u charge daylag free experiencevalue money 9510no heating issueu go
"Redmi Note 9 (Pebble Grey, 4GB RAM 64GB Storage) - 48MP Quad Camera & Full HD+ Display - 3 Months No Cost EMI on BFL",5, awesome mobile
"Redmi Note 9 (Pebble Grey, 4GB RAM 64GB Storage) - 48MP Quad Camera & Full HD+ Display - 3 Months No Cost EMI on BFL",5, awesome productgo guysdelevery packing also goodi got two days
"Redmi Note 9 (Pebble Grey, 4GB RAM 64GB Storage) - 48MP Quad Camera & Full HD+ Display - 3 Months No Cost EMI on BFL",5, ultimate backup good
"Redmi Note 9 (Pebble Grey, 4GB RAM 64GB Storage) - 48MP Quad Camera & Full HD+ Display - 3 Months No Cost EMI on BFL",5, sueprb phone
"Redmi Note 9 (Pebble Grey, 4GB RAM 64GB Storage) - 48MP Quad Camera & Full HD+ Display - 3 Months No Cost EMI on BFL",5, excellent picture qualitygreat battery backup
"Redmi Note 9 (Pebble Grey, 4GB RAM 64GB Storage) - 48MP Quad Camera & Full HD+ Display - 3 Months No Cost EMI on BFL",5, nice product
"Redmi Note 9 (Pebble Grey, 4GB RAM 64GB Storage) - 48MP Quad Camera & Full HD+ Display - 3 Months No Cost EMI on BFL",5, nice camera quality
"Redmi Note 9 (Pebble Grey, 4GB RAM 64GB Storage) - 48MP Quad Camera & Full HD+ Display - 3 Months No Cost EMI on BFL",5,awesome product redmibest photo quality best screen superb design everything best 128 gb internal 6 gb ram price range
"Redmi Note 9 (Pebble Grey, 4GB RAM 64GB Storage) - 48MP Quad Camera & Full HD+ Display - 3 Months No Cost EMI on BFL",5,brought phone youtube channel reviewi thinks great part product four cameras back punchhole front camera perfect changed status one best phone ever review last days phone capacity 128gb killer memory good battery last 1 2 days normal used however mobile legend lot frame drop set high graphic still manageable set medium graphic sad thought much better compared lasted redmi phonesthe quadcamera setup almost note 9s one small difference 5mp f24 camera swapped 2mp f24 one autofocus welcome feature makes macro photography much easierthe main camera borrowed 48mp f18 aperture well ultrawide unit 8mp f22 aperture ultrawides sensor quite small measuring 140 112m course 2mp depth sensor serves aesthetic purpose functional one unfortunately phone supports video recording 1080p 30 fps arent many modes shoot either cinematic aspect ratio available add dramatic effect video thats pretty much itthe full hd video bit soft side dynamic range seems bit narrow cant see anything shadows clouds sky tad brighter
"Redmi Note 9 (Pebble Grey, 4GB RAM 64GB Storage) - 48MP Quad Camera & Full HD+ Display - 3 Months No Cost EMI on BFL",5, got defected charger box got replacement satisfied product thanks amazon five star thanks
"Redmi Note 9 (Pebble Grey, 4GB RAM 64GB Storage) - 48MP Quad Camera & Full HD+ Display - 3 Months No Cost EMI on BFL",5, good producteasy usecamera quality bestlooking goodlight weightbest gamingmi
"Redmi Note 9 (Pebble Grey, 4GB RAM 64GB Storage) - 48MP Quad Camera & Full HD+ Display - 3 Months No Cost EMI on BFL",5,redmi note9 6128 great phone normal use gaming productivityhighly satisfied mobileawesome looks superbquad camera looks superbhighly recommended mobilebattery backup gooddisplay quality goodand performance per processor awesome mi note9 best
"Redmi Note 9 (Pebble Grey, 4GB RAM 64GB Storage) - 48MP Quad Camera & Full HD+ Display - 3 Months No Cost EMI on BFL",5,best product homeschooling students e new users great combo manages every tasks vet well helio g85 chipset almost equivalent snapdragon 712 student buying new phone 1 preference please dont listen say isnt great phone believe used planning play games 2 3 pubg hours phone flagship phones also heat bit lag take care phone great choice
"Redmi Note 9 (Pebble Grey, 4GB RAM 64GB Storage) - 48MP Quad Camera & Full HD+ Display - 3 Months No Cost EMI on BFL",5, go mid range buget phone
"Redmi Note 9 (Pebble Grey, 4GB RAM 64GB Storage) - 48MP Quad Camera & Full HD+ Display - 3 Months No Cost EMI on BFL",5,hope wouldnt need edit comment early experienced mobile using days purchasing recently would say beautiful phone brilliant display quality size faster performance satisfactory camera quality mention huge 128 gb storage capacity battery good lasts sufficiently according usagethe issue found preinstalled get apps app download update apps google play store seems work even find many google apps preinstalled app besides consuming internet data faster phone know
"Redmi Note 9 (Pebble Grey, 4GB RAM 64GB Storage) - 48MP Quad Camera & Full HD+ Display - 3 Months No Cost EMI on BFL",5, fast deliveryloved mobile
"Redmi Note 9 (Pebble Grey, 4GB RAM 64GB Storage) - 48MP Quad Camera & Full HD+ Display - 3 Months No Cost EMI on BFL",5,ordered first flash sale delivered 26th july best budgetbattery charging coollittle bit heat generatedwhile high usage due polycarbonate back feel easily thinkrear cam superbfront cam good price os decentwaiting receive miui 12 updateoverall rate 9 10 miui 12 received month backbut heating increased gaming charging
"Redmi Note 9 (Pebble Grey, 4GB RAM 64GB Storage) - 48MP Quad Camera & Full HD+ Display - 3 Months No Cost EMI on BFL",5,phone beautiful looks stunning works fast thanks mi making budget friendly phone planning buy redmi 9 prime barely available usually gets sold seconds increased budget took redmi note 9its really good 12k amazing performance camera awesome night mode awesome charge really fast bought phone mother really vry happy ur pocket allows buy 12k go u 10k tight budget wait redmi 9 prime sale phn exactly one jst bit camera differenceover ill give 45 5 phonethanks xaomi
"Redmi Note 9 (Pebble Grey, 4GB RAM 64GB Storage) - 48MP Quad Camera & Full HD+ Display - 3 Months No Cost EMI on BFL",5, super mobilecamera quality better front backsound effect superbattery backup superdispaly quality okreverse charging superi charged blutooth headset give better chargingreverse charging workingoverall better phone
"Redmi Note 9 (Pebble Grey, 4GB RAM 64GB Storage) - 48MP Quad Camera & Full HD+ Display - 3 Months No Cost EMI on BFL",5,best budget phone rangebattery life good unpacked beast 60 alreadyless bloatware nice thing android one miui 11 got instant miui 12 happyit slim big easy hold gives good grip menu inaccessible sometimes big phonein box gave pin fast charger usb 30 plastic transparent cover well also nice screenguard without printings itvery impressed looks glossy back makes looks rich royal suggesting guys go
"Redmi Note 9 (Pebble Grey, 4GB RAM 64GB Storage) - 48MP Quad Camera & Full HD+ Display - 3 Months No Cost EMI on BFL",5,mimindblowing mi phonemi battery excellentprocessor fastcamera upto markthis 48 megapixel camerareally good camera 48 mpmi display quality good colour punchy 1080 pmi sound quality nice
"Redmi Note 9 (Pebble Grey, 4GB RAM 64GB Storage) - 48MP Quad Camera & Full HD+ Display - 3 Months No Cost EMI on BFL",5,play pubg high graphics battery backup gooddisplay awesome camera awesome speaker sound nice nice deal 12k
"Redmi Note 9 (Pebble Grey, 4GB RAM 64GB Storage) - 48MP Quad Camera & Full HD+ Display - 3 Months No Cost EMI on BFL",5,realme 6i redmi note 9i must sayalways go note 9realme 6i battery really shitits draining quickly compared note9this due 90hz displayalso heating issues charging realme 6iredmi note 9 better camera good light conditions compared realme6imoreover realme 6i comes 18 watt box charger redmi note 9 comes 225 watt boxeven though real 6i supports 30watt charging whos gonna buy 30 watt charger costs 1400 rswhen coming screen protection realme6i comes older version gorilla glass whereas redmi note 9 comes latest corning gorilla glass 5 camera screen protectedthere chances real 6i camera get scratches protected using gorilla glass whereas note 9 camera protected corning gorilla 5 glassfinal words really worry battery life never ever go realme 6ia feature called 90 hz display realme 6i drains battery quicklyits better describe realme 6i fast draining phone rather fast charging phoneguys dont believe reviewers words say good review favour mobile company gives better amountits better ask friends brought phone rather watching review videos
"Redmi Note 9 (Pebble Grey, 4GB RAM 64GB Storage) - 48MP Quad Camera & Full HD+ Display - 3 Months No Cost EMI on BFL",5, good phonedecent look looks stylishcamera battery quality super goodgood phone range delivery service good
"Redmi Note 9 (Pebble Grey, 4GB RAM 64GB Storage) - 48MP Quad Camera & Full HD+ Display - 3 Months No Cost EMI on BFL",5,awesome product value money best segmentfor normal usage one best long battery life compared smartphonescamera ok pricecharging comparitively slow takes 2 2 half hrs get full charged overall best price
"Redmi Note 9 (Pebble Grey, 4GB RAM 64GB Storage) - 48MP Quad Camera & Full HD+ Display - 3 Months No Cost EMI on BFL",5,totally impressed built looks 13k thought getting realme 6i stocks barely lastso decided get phone phone great smooth gaming experience also good good g90tg85 decent processor great daily life performanceif 12k budget go itor 13krealme 6i 14k go poco m2 scarlet red looks stunning
"Redmi Note 9 (Pebble Grey, 4GB RAM 64GB Storage) - 48MP Quad Camera & Full HD+ Display - 3 Months No Cost EMI on BFL",5, good phonedecent look looks stylishcamera battery quality super goodgood phone range delivery service good
"Redmi Note 9 (Pebble Grey, 4GB RAM 64GB Storage) - 48MP Quad Camera & Full HD+ Display - 3 Months No Cost EMI on BFL",5,awesome product value money best segmentfor normal usage one best long battery life compared smartphonescamera ok pricecharging comparitively slow takes 2 2 half hrs get full charged overall best price
"Redmi Note 9 (Pebble Grey, 4GB RAM 64GB Storage) - 48MP Quad Camera & Full HD+ Display - 3 Months No Cost EMI on BFL",5,totally impressed built looks 13k thought getting realme 6i stocks barely lastso decided get phone phone great smooth gaming experience also good good g90tg85 decent processor great daily life performanceif 12k budget go itor 13krealme 6i 14k go poco m2 scarlet red looks stunning
"Redmi Note 9 (Pebble Grey, 4GB RAM 64GB Storage) - 48MP Quad Camera & Full HD+ Display - 3 Months No Cost EMI on BFL",5,hi writing review post usage 7 days1 dsiplay perfect better samsung m21 similar price range display full hd whereas counter parts offering that2 camera scores counter parts whereas much variations available selfie fantastic price3 specifications less similar mi note 8 except processor helios g85 one whereas qualcomm note 8 ie 6254 note 8 4k video capture option latest note 95 battery stays long promised gamer battery lasts day half6 p2i protection towards splash note 87 conclude shall recommend phone brands available good pricethanks reading god bless enjoy
"Redmi Note 9 (Pebble Grey, 4GB RAM 64GB Storage) - 48MP Quad Camera & Full HD+ Display - 3 Months No Cost EMI on BFL",5,nice color working fine hang lag front camera awesome sound loud clearnetwork connectivity also strong go budget 12000 add 2000 go redmi note 9 procharger working 20 min charging order replacement thanks amazon replacement
"Redmi Note 9 (Pebble Grey, 4GB RAM 64GB Storage) - 48MP Quad Camera & Full HD+ Display - 3 Months No Cost EMI on BFL",5, good performance nice display
"Redmi Note 9 (Pebble Grey, 4GB RAM 64GB Storage) - 48MP Quad Camera & Full HD+ Display - 3 Months No Cost EMI on BFL",5,liked producti giving review 33daysrear camera910 amazingfront camera 7510 decentoverview 1010 damm goodperformance 910 play freefire amazing lag free experiencebattery 1010 amazing usage 1011 hrs still 2027percent battery leftscreen quality 8510 goodram management 710 ok keep last six app background aap restartsinhand feel 1010 good little bit widecharging 810 takes 2hrs ok u charge daylag free experiencevalue money 9510no heating issueu go
"Redmi Note 9 (Pebble Grey, 4GB RAM 64GB Storage) - 48MP Quad Camera & Full HD+ Display - 3 Months No Cost EMI on BFL",5, awesome mobile
"Redmi Note 9 (Pebble Grey, 4GB RAM 64GB Storage) - 48MP Quad Camera & Full HD+ Display - 3 Months No Cost EMI on BFL",5, awesome productgo guysdelevery packing also goodi got two days
"Redmi Note 9 (Pebble Grey, 4GB RAM 64GB Storage) - 48MP Quad Camera & Full HD+ Display - 3 Months No Cost EMI on BFL",5, ultimate backup good
"Redmi Note 9 (Pebble Grey, 4GB RAM 64GB Storage) - 48MP Quad Camera & Full HD+ Display - 3 Months No Cost EMI on BFL",5, sueprb phone
"Redmi Note 9 (Pebble Grey, 4GB RAM 64GB Storage) - 48MP Quad Camera & Full HD+ Display - 3 Months No Cost EMI on BFL",5, excellent picture qualitygreat battery backup
"Redmi Note 9 (Pebble Grey, 4GB RAM 64GB Storage) - 48MP Quad Camera & Full HD+ Display - 3 Months No Cost EMI on BFL",5, nice product
"Redmi Note 9 (Pebble Grey, 4GB RAM 64GB Storage) - 48MP Quad Camera & Full HD+ Display - 3 Months No Cost EMI on BFL",5, nice camera quality
"Redmi Note 9 (Pebble Grey, 4GB RAM 64GB Storage) - 48MP Quad Camera & Full HD+ Display - 3 Months No Cost EMI on BFL",5,awesome product redmibest photo quality best screen superb design everything best 128 gb internal 6 gb ram price range
"Redmi Note 9 (Pebble Grey, 4GB RAM 64GB Storage) - 48MP Quad Camera & Full HD+ Display - 3 Months No Cost EMI on BFL",5,brought phone youtube channel reviewi thinks great part product four cameras back punchhole front camera perfect changed status one best phone ever review last days phone capacity 128gb killer memory good battery last 1 2 days normal used however mobile legend lot frame drop set high graphic still manageable set medium graphic sad thought much better compared lasted redmi phonesthe quadcamera setup almost note 9s one small difference 5mp f24 camera swapped 2mp f24 one autofocus welcome feature makes macro photography much easierthe main camera borrowed 48mp f18 aperture well ultrawide unit 8mp f22 aperture ultrawides sensor quite small measuring 140 112m course 2mp depth sensor serves aesthetic purpose functional one unfortunately phone supports video recording 1080p 30 fps arent many modes shoot either cinematic aspect ratio available add dramatic effect video thats pretty much itthe full hd video bit soft side dynamic range seems bit narrow cant see anything shadows clouds sky tad brighter
"Redmi Note 9 (Pebble Grey, 4GB RAM 64GB Storage) - 48MP Quad Camera & Full HD+ Display - 3 Months No Cost EMI on BFL",5, got defected charger box got replacement satisfied product thanks amazon five star thanks
"Redmi Note 9 (Pebble Grey, 4GB RAM 64GB Storage) - 48MP Quad Camera & Full HD+ Display - 3 Months No Cost EMI on BFL",5, good producteasy usecamera quality bestlooking goodlight weightbest gamingmi
"Redmi Note 9 (Pebble Grey, 4GB RAM 64GB Storage) - 48MP Quad Camera & Full HD+ Display - 3 Months No Cost EMI on BFL",5,redmi note9 6128 great phone normal use gaming productivityhighly satisfied mobileawesome looks superbquad camera looks superbhighly recommended mobilebattery backup gooddisplay quality goodand performance per processor awesome mi note9 best
"Redmi Note 9 (Pebble Grey, 4GB RAM 64GB Storage) - 48MP Quad Camera & Full HD+ Display - 3 Months No Cost EMI on BFL",5,best product homeschooling students e new users great combo manages every tasks vet well helio g85 chipset almost equivalent snapdragon 712 student buying new phone 1 preference please dont listen say isnt great phone believe used planning play games 2 3 pubg hours phone flagship phones also heat bit lag take care phone great choice
"Redmi Note 9 (Pebble Grey, 4GB RAM 64GB Storage) - 48MP Quad Camera & Full HD+ Display - 3 Months No Cost EMI on BFL",5, go mid range buget phone
"Redmi Note 9 (Pebble Grey, 4GB RAM 64GB Storage) - 48MP Quad Camera & Full HD+ Display - 3 Months No Cost EMI on BFL",5,hope wouldnt need edit comment early experienced mobile using days purchasing recently would say beautiful phone brilliant display quality size faster performance satisfactory camera quality mention huge 128 gb storage capacity battery good lasts sufficiently according usagethe issue found preinstalled get apps app download update apps google play store seems work even find many google apps preinstalled app besides consuming internet data faster phone know
"Redmi Note 9 (Pebble Grey, 4GB RAM 64GB Storage) - 48MP Quad Camera & Full HD+ Display - 3 Months No Cost EMI on BFL",5, fast deliveryloved mobile
"Redmi Note 9 (Pebble Grey, 4GB RAM 64GB Storage) - 48MP Quad Camera & Full HD+ Display - 3 Months No Cost EMI on BFL",5,ordered first flash sale delivered 26th july best budgetbattery charging coollittle bit heat generatedwhile high usage due polycarbonate back feel easily thinkrear cam superbfront cam good price os decentwaiting receive miui 12 updateoverall rate 9 10 miui 12 received month backbut heating increased gaming charging
"Redmi Note 9 (Pebble Grey, 4GB RAM 64GB Storage) - 48MP Quad Camera & Full HD+ Display - 3 Months No Cost EMI on BFL",5,phone beautiful looks stunning works fast thanks mi making budget friendly phone planning buy redmi 9 prime barely available usually gets sold seconds increased budget took redmi note 9its really good 12k amazing performance camera awesome night mode awesome charge really fast bought phone mother really vry happy ur pocket allows buy 12k go u 10k tight budget wait redmi 9 prime sale phn exactly one jst bit camera differenceover ill give 45 5 phonethanks xaomi
"Redmi Note 9 (Pebble Grey, 4GB RAM 64GB Storage) - 48MP Quad Camera & Full HD+ Display - 3 Months No Cost EMI on BFL",5, super mobilecamera quality better front backsound effect superbattery backup superdispaly quality okreverse charging superi charged blutooth headset give better chargingreverse charging workingoverall better phone
"Redmi Note 9 (Pebble Grey, 4GB RAM 64GB Storage) - 48MP Quad Camera & Full HD+ Display - 3 Months No Cost EMI on BFL",5,best budget phone rangebattery life good unpacked beast 60 alreadyless bloatware nice thing android one miui 11 got instant miui 12 happyit slim big easy hold gives good grip menu inaccessible sometimes big phonein box gave pin fast charger usb 30 plastic transparent cover well also nice screenguard without printings itvery impressed looks glossy back makes looks rich royal suggesting guys go
"Redmi Note 9 (Pebble Grey, 4GB RAM 64GB Storage) - 48MP Quad Camera & Full HD+ Display - 3 Months No Cost EMI on BFL",5,mimindblowing mi phonemi battery excellentprocessor fastcamera upto markthis 48 megapixel camerareally good camera 48 mpmi display quality good colour punchy 1080 pmi sound quality nice
"Redmi Note 9 (Pebble Grey, 4GB RAM 64GB Storage) - 48MP Quad Camera & Full HD+ Display - 3 Months No Cost EMI on BFL",5,play pubg high graphics battery backup gooddisplay awesome camera awesome speaker sound nice nice deal 12k
"Redmi Note 9 (Pebble Grey, 4GB RAM 64GB Storage) - 48MP Quad Camera & Full HD+ Display - 3 Months No Cost EMI on BFL",5,realme 6i redmi note 9i must sayalways go note 9realme 6i battery really shitits draining quickly compared note9this due 90hz displayalso heating issues charging realme 6iredmi note 9 better camera good light conditions compared realme6imoreover realme 6i comes 18 watt box charger redmi note 9 comes 225 watt boxeven though real 6i supports 30watt charging whos gonna buy 30 watt charger costs 1400 rswhen coming screen protection realme6i comes older version gorilla glass whereas redmi note 9 comes latest corning gorilla glass 5 camera screen protectedthere chances real 6i camera get scratches protected using gorilla glass whereas note 9 camera protected corning gorilla 5 glassfinal words really worry battery life never ever go realme 6ia feature called 90 hz display realme 6i drains battery quicklyits better describe realme 6i fast draining phone rather fast charging phoneguys dont believe reviewers words say good review favour mobile company gives better amountits better ask friends brought phone rather watching review videos
